<?xml version="1.0" encoding="UTF-8"?>
<beans xmlns="http://www.springframework.org/schema/beans"
	xmlns:xsi="http://www.w3.org/2001/XMLSchema-instance"
	xmlns:tx="http://www.springframework.org/schema/tx"
	xsi:schemaLocation="http://www.springframework.org/schema/beans http://www.springframework.org/schema/beans/spring-beans.xsd
		http://www.springframework.org/schema/tx http://www.springframework.org/schema/tx/spring-tx-4.3.xsd">

	<bean id="BoarddataSource" class="org.apache.commons.dbcp.BasicDataSource"               destroy-method="close"> 
		<property name="driverClassName" value="oracle.jdbc.driver.OracleDriver"/> 
		<property name="url" value="jdbc:oracle:thin:@127.0.0.1:1521:xe" /> 
		<property name="username" value="hr"/> 
		<property name="password" value="hr"/> 
	</bean>
	
	<!-- SqlSessionFactory --> <!-- mybatis config --><!-- mapper -->
	<bean id="BoardsqlSessionFactory" class="org.mybatis.spring.SqlSessionFactoryBean"> 
		<property name="dataSource" ref="BoarddataSource" />
		<property name="configLocation" value="classpath:/mybatis-config.xml" />
		<property name="mapperLocations" value="classpath:/mapper/*.xml" />
	</bean>
	
	<!-- SqlSessionTemplate :  mybatis-spring  -->
	<bean id="BoardsqlSession" class="org.mybatis.spring.SqlSessionTemplate" > 
		<constructor-arg name="sqlSessionFactory" ref="BoardsqlSessionFactory" /> 
	</bean>
	
	<!-- mapper interface  -->
	<bean class="org.mybatis.spring.mapper.MapperScannerConfigurer"> 
		<property name="basePackage" value="com.test.board.service" /> 
	</bean>
	
	
	<bean id="transactionManager" class="org.springframework.jdbc.datasource.DataSourceTransactionManager"> 
		<property name="dataSource" ref="BoarddataSource" /> 
	</bean>
	
	
	<tx:annotation-driven transaction-manager="transactionManager"/> 

</beans>

